Tile Size,Tile Overlap,Confidence,Blur Kernel,Total Faces,Total Humans,Total Vehicles,Avg Time (s)
256,16,0.2,0.3,0.4,3x3,45,65,58,115.73,0.07,115.80
256,16,0.2,0.3,0.4,5x5,45,61,58,115.73,0.07,115.80
256,16,0.2,0.3,0.5,3x3,45,65,50,115.73,0.07,115.79
256,16,0.2,0.3,0.5,5x5,45,61,50,115.73,0.07,115.80
256,16,0.2,0.3,0.6,3x3,45,65,46,115.73,0.07,115.79
256,16,0.2,0.3,0.6,5x5,45,61,46,115.73,0.07,115.80
256,16,0.2,0.4,0.4,3x3,45,52,58,115.73,0.07,115.79
256,16,0.2,0.4,0.4,5x5,45,51,58,115.73,0.07,115.79
256,16,0.2,0.4,0.5,3x3,45,52,50,115.73,0.07,115.79
256,16,0.2,0.4,0.5,5x5,45,51,50,115.73,0.07,115.79
256,16,0.2,0.4,0.6,3x3,45,52,46,115.73,0.07,115.79
256,16,0.2,0.4,0.6,5x5,45,51,46,115.73,0.07,115.79
256,16,0.2,0.5,0.4,3x3,45,45,58,115.73,0.07,115.80
256,16,0.2,0.5,0.4,5x5,45,44,58,115.73,0.07,115.79
256,16,0.2,0.5,0.5,3x3,45,45,50,115.73,0.07,115.80
256,16,0.2,0.5,0.5,5x5,45,44,50,115.73,0.07,115.79
256,16,0.2,0.5,0.6,3x3,45,45,46,115.73,0.07,115.79
256,16,0.2,0.5,0.6,5x5,45,44,46,115.73,0.07,115.80
256,16,0.3,0.3,0.4,3x3,31,65,58,115.73,0.08,115.80
256,16,0.3,0.3,0.4,5x5,31,61,58,115.73,0.08,115.81
256,16,0.3,0.3,0.5,3x3,31,65,50,115.73,0.08,115.80
256,16,0.3,0.3,0.5,5x5,31,61,50,115.73,0.08,115.80
256,16,0.3,0.3,0.6,3x3,31,65,46,115.73,0.07,115.80
256,16,0.3,0.3,0.6,5x5,31,61,46,115.73,0.07,115.80
256,16,0.3,0.4,0.4,3x3,31,52,58,115.73,0.08,115.80
256,16,0.3,0.4,0.4,5x5,31,51,58,115.73,0.07,115.80
256,16,0.3,0.4,0.5,3x3,31,52,50,115.73,0.07,115.80
256,16,0.3,0.4,0.5,5x5,31,51,50,115.73,0.08,115.80
256,16,0.3,0.4,0.6,3x3,31,52,46,115.73,0.08,115.81
256,16,0.3,0.4,0.6,5x5,31,51,46,115.73,0.07,115.80
256,16,0.3,0.5,0.4,3x3,31,45,58,115.73,0.08,115.80
256,16,0.3,0.5,0.4,5x5,31,44,58,115.73,0.07,115.80
256,16,0.3,0.5,0.5,3x3,31,45,50,115.73,0.07,115.80
256,16,0.3,0.5,0.5,5x5,31,44,50,115.73,0.07,115.80
256,16,0.3,0.5,0.6,3x3,31,45,46,115.73,0.07,115.80
256,16,0.3,0.5,0.6,5x5,31,44,46,115.73,0.07,115.80
256,16,0.4,0.3,0.4,3x3,25,65,58,115.73,0.07,115.80
256,16,0.4,0.3,0.4,5x5,25,61,58,115.73,0.07,115.80
256,16,0.4,0.3,0.5,3x3,25,65,50,115.73,0.08,115.80
256,16,0.4,0.3,0.5,5x5,25,61,50,115.73,0.08,115.81
256,16,0.4,0.3,0.6,3x3,25,65,46,115.73,0.08,115.80
256,16,0.4,0.3,0.6,5x5,25,61,46,115.73,0.07,115.80
256,16,0.4,0.4,0.4,3x3,25,52,58,115.73,0.07,115.80
256,16,0.4,0.4,0.4,5x5,25,51,58,115.73,0.07,115.80
256,16,0.4,0.4,0.5,3x3,25,52,50,115.73,0.07,115.80
256,16,0.4,0.4,0.5,5x5,25,51,50,115.73,0.08,115.80
256,16,0.4,0.4,0.6,3x3,25,52,46,115.73,0.08,115.80
256,16,0.4,0.4,0.6,5x5,25,51,46,115.73,0.08,115.80
256,16,0.4,0.5,0.4,3x3,25,45,58,115.73,0.08,115.80
256,16,0.4,0.5,0.4,5x5,25,44,58,115.73,0.08,115.81
256,16,0.4,0.5,0.5,3x3,25,45,50,115.73,0.08,115.80
256,16,0.4,0.5,0.5,5x5,25,44,50,115.73,0.07,115.80
256,16,0.4,0.5,0.6,3x3,25,45,46,115.73,0.07,115.80
256,16,0.4,0.5,0.6,5x5,25,44,46,115.73,0.07,115.79
256,32,0.2,0.3,0.4,3x3,46,67,59,96.14,0.07,96.21
256,32,0.2,0.3,0.4,5x5,46,63,59,96.14,0.06,96.21
256,32,0.2,0.3,0.5,3x3,46,67,49,96.14,0.06,96.21
256,32,0.2,0.3,0.5,5x5,46,63,49,96.14,0.06,96.21
256,32,0.2,0.3,0.6,3x3,46,67,44,96.14,0.06,96.20
256,32,0.2,0.3,0.6,5x5,46,63,44,96.14,0.06,96.21
256,32,0.2,0.4,0.4,3x3,46,51,59,96.14,0.06,96.21
256,32,0.2,0.4,0.4,5x5,46,50,59,96.14,0.06,96.21
256,32,0.2,0.4,0.5,3x3,46,51,49,96.14,0.06,96.20
256,32,0.2,0.4,0.5,5x5,46,50,49,96.14,0.06,96.21
256,32,0.2,0.4,0.6,3x3,46,51,44,96.14,0.06,96.20
256,32,0.2,0.4,0.6,5x5,46,50,44,96.14,0.06,96.21
256,32,0.2,0.5,0.4,3x3,46,42,59,96.14,0.06,96.20
256,32,0.2,0.5,0.4,5x5,46,42,59,96.14,0.07,96.21
256,32,0.2,0.5,0.5,3x3,46,42,49,96.14,0.06,96.20
256,32,0.2,0.5,0.5,5x5,46,42,49,96.14,0.06,96.21
256,32,0.2,0.5,0.6,3x3,46,42,44,96.14,0.06,96.20
256,32,0.2,0.5,0.6,5x5,46,42,44,96.14,0.06,96.20
256,32,0.3,0.3,0.4,3x3,32,67,59,96.14,0.06,96.20
256,32,0.3,0.3,0.4,5x5,32,63,59,96.14,0.06,96.20
256,32,0.3,0.3,0.5,3x3,32,67,49,96.14,0.06,96.20
256,32,0.3,0.3,0.5,5x5,32,63,49,96.14,0.06,96.20
256,32,0.3,0.3,0.6,3x3,32,67,44,96.14,0.06,96.20
256,32,0.3,0.3,0.6,5x5,32,63,44,96.14,0.06,96.21
256,32,0.3,0.4,0.4,3x3,32,51,59,96.14,0.06,96.20
256,32,0.3,0.4,0.4,5x5,32,50,59,96.14,0.07,96.21
256,32,0.3,0.4,0.5,3x3,32,51,49,96.14,0.06,96.21
256,32,0.3,0.4,0.5,5x5,32,50,49,96.14,0.06,96.21
256,32,0.3,0.4,0.6,3x3,32,51,44,96.14,0.06,96.20
256,32,0.3,0.4,0.6,5x5,32,50,44,96.14,0.06,96.21
256,32,0.3,0.5,0.4,3x3,32,42,59,96.14,0.06,96.20
256,32,0.3,0.5,0.4,5x5,32,42,59,96.14,0.06,96.20
256,32,0.3,0.5,0.5,3x3,32,42,49,96.14,0.06,96.20
256,32,0.3,0.5,0.5,5x5,32,42,49,96.14,0.06,96.21
256,32,0.3,0.5,0.6,3x3,32,42,44,96.14,0.06,96.20
256,32,0.3,0.5,0.6,5x5,32,42,44,96.14,0.06,96.21
256,32,0.4,0.3,0.4,3x3,26,67,59,96.14,0.06,96.21
256,32,0.4,0.3,0.4,5x5,26,63,59,96.14,0.06,96.21
256,32,0.4,0.3,0.5,3x3,26,67,49,96.14,0.07,96.21
256,32,0.4,0.3,0.5,5x5,26,63,49,96.14,0.06,96.21
256,32,0.4,0.3,0.6,3x3,26,67,44,96.14,0.06,96.20
256,32,0.4,0.3,0.6,5x5,26,63,44,96.14,0.06,96.20
256,32,0.4,0.4,0.4,3x3,26,51,59,96.14,0.06,96.20
256,32,0.4,0.4,0.4,5x5,26,50,59,96.14,0.06,96.20
256,32,0.4,0.4,0.5,3x3,26,51,49,96.14,0.06,96.20
256,32,0.4,0.4,0.5,5x5,26,50,49,96.14,0.06,96.20
256,32,0.4,0.4,0.6,3x3,26,51,44,96.14,0.06,96.20
256,32,0.4,0.4,0.6,5x5,26,50,44,96.14,0.06,96.20
256,32,0.4,0.5,0.4,3x3,26,42,59,96.14,0.06,96.20
256,32,0.4,0.5,0.4,5x5,26,42,59,96.14,0.06,96.20
256,32,0.4,0.5,0.5,3x3,26,42,49,96.14,0.06,96.20
256,32,0.4,0.5,0.5,5x5,26,42,49,96.14,0.07,96.21
256,32,0.4,0.5,0.6,3x3,26,42,44,96.14,0.06,96.20
256,32,0.4,0.5,0.6,5x5,26,42,44,96.14,0.06,96.21
512,16,0.2,0.3,0.4,3x3,44,67,60,106.74,0.07,106.81
512,16,0.2,0.3,0.4,5x5,44,60,60,106.74,0.07,106.81
512,16,0.2,0.3,0.5,3x3,44,67,52,106.74,0.08,106.81
512,16,0.2,0.3,0.5,5x5,44,60,52,106.74,0.08,106.81
512,16,0.2,0.3,0.6,3x3,44,67,44,106.74,0.07,106.81
512,16,0.2,0.3,0.6,5x5,44,60,44,106.74,0.08,106.82
512,16,0.2,0.4,0.4,3x3,44,50,60,106.74,0.07,106.81
512,16,0.2,0.4,0.4,5x5,44,50,60,106.74,0.08,106.81
512,16,0.2,0.4,0.5,3x3,44,50,52,106.74,0.07,106.81
512,16,0.2,0.4,0.5,5x5,44,50,52,106.74,0.07,106.81
512,16,0.2,0.4,0.6,3x3,44,50,44,106.74,0.07,106.81
512,16,0.2,0.4,0.6,5x5,44,50,44,106.74,0.07,106.81
512,16,0.2,0.5,0.4,3x3,44,43,60,106.74,0.07,106.81
512,16,0.2,0.5,0.4,5x5,44,43,60,106.74,0.08,106.82
512,16,0.2,0.5,0.5,3x3,44,43,52,106.74,0.08,106.81
512,16,0.2,0.5,0.5,5x5,44,43,52,106.74,0.07,106.81
512,16,0.2,0.5,0.6,3x3,44,43,44,106.74,0.07,106.81
512,16,0.2,0.5,0.6,5x5,44,43,44,106.74,0.07,106.81
512,16,0.3,0.3,0.4,3x3,33,67,60,106.74,0.07,106.81
512,16,0.3,0.3,0.4,5x5,33,60,60,106.74,0.07,106.81
512,16,0.3,0.3,0.5,3x3,33,67,52,106.74,0.07,106.81
512,16,0.3,0.3,0.5,5x5,33,60,52,106.74,0.07,106.81
512,16,0.3,0.3,0.6,3x3,33,67,44,106.74,0.07,106.81
512,16,0.3,0.3,0.6,5x5,33,60,44,106.74,0.07,106.81
512,16,0.3,0.4,0.4,3x3,33,50,60,106.74,0.08,106.82
512,16,0.3,0.4,0.4,5x5,33,50,60,106.74,0.07,106.81
512,16,0.3,0.4,0.5,3x3,33,50,52,106.74,0.07,106.81
512,16,0.3,0.4,0.5,5x5,33,50,52,106.74,0.07,106.81
512,16,0.3,0.4,0.6,3x3,33,50,44,106.74,0.07,106.81
512,16,0.3,0.4,0.6,5x5,33,50,44,106.74,0.07,106.81
512,16,0.3,0.5,0.4,3x3,33,43,60,106.74,0.07,106.81
512,16,0.3,0.5,0.4,5x5,33,43,60,106.74,0.07,106.81
512,16,0.3,0.5,0.5,3x3,33,43,52,106.74,0.07,106.81
512,16,0.3,0.5,0.5,5x5,33,43,52,106.74,0.07,106.81
512,16,0.3,0.5,0.6,3x3,33,43,44,106.74,0.07,106.81
512,16,0.3,0.5,0.6,5x5,33,43,44,106.74,0.07,106.81
512,16,0.4,0.3,0.4,3x3,25,67,60,106.74,0.07,106.81
512,16,0.4,0.3,0.4,5x5,25,60,60,106.74,0.07,106.81
512,16,0.4,0.3,0.5,3x3,25,67,52,106.74,0.07,106.81
512,16,0.4,0.3,0.5,5x5,25,60,52,106.74,0.08,106.81
512,16,0.4,0.3,0.6,3x3,25,67,44,106.74,0.07,106.81
512,16,0.4,0.3,0.6,5x5,25,60,44,106.74,0.07,106.81
512,16,0.4,0.4,0.4,3x3,25,50,60,106.74,0.06,106.80
512,16,0.4,0.4,0.4,5x5,25,50,60,106.74,0.07,106.81
512,16,0.4,0.4,0.5,3x3,25,50,52,106.74,0.07,106.81
512,16,0.4,0.4,0.5,5x5,25,50,52,106.74,0.07,106.81
512,16,0.4,0.4,0.6,3x3,25,50,44,106.74,0.06,106.80
512,16,0.4,0.4,0.6,5x5,25,50,44,106.74,0.07,106.81
512,16,0.4,0.5,0.4,3x3,25,43,60,106.74,0.07,106.80
512,16,0.4,0.5,0.4,5x5,25,43,60,106.74,0.07,106.81
512,16,0.4,0.5,0.5,3x3,25,43,52,106.74,0.07,106.81
512,16,0.4,0.5,0.5,5x5,25,43,52,106.74,0.07,106.81
512,16,0.4,0.5,0.6,3x3,25,43,44,106.74,0.06,106.80
512,16,0.4,0.5,0.6,5x5,25,43,44,106.74,0.07,106.81
512,32,0.2,0.3,0.4,3x3,45,62,61,110.15,0.07,110.22
512,32,0.2,0.3,0.4,5x5,45,60,61,110.15,0.07,110.22
512,32,0.2,0.3,0.5,3x3,45,62,52,110.15,0.07,110.22
512,32,0.2,0.3,0.5,5x5,45,60,52,110.15,0.08,110.23
512,32,0.2,0.3,0.6,3x3,45,62,44,110.15,0.07,110.22
512,32,0.2,0.3,0.6,5x5,45,60,44,110.15,0.07,110.22
512,32,0.2,0.4,0.4,3x3,45,51,61,110.15,0.07,110.22
512,32,0.2,0.4,0.4,5x5,45,50,61,110.15,0.07,110.22
512,32,0.2,0.4,0.5,3x3,45,51,52,110.15,0.07,110.22
512,32,0.2,0.4,0.5,5x5,45,50,52,110.15,0.07,110.22
512,32,0.2,0.4,0.6,3x3,45,51,44,110.15,0.07,110.22
512,32,0.2,0.4,0.6,5x5,45,50,44,110.15,0.07,110.22
512,32,0.2,0.5,0.4,3x3,45,45,61,110.15,0.07,110.22
512,32,0.2,0.5,0.4,5x5,45,43,61,110.15,0.07,110.22
512,32,0.2,0.5,0.5,3x3,45,45,52,110.15,0.07,110.22
512,32,0.2,0.5,0.5,5x5,45,43,52,110.15,0.07,110.22
512,32,0.2,0.5,0.6,3x3,45,45,44,110.15,0.07,110.22
512,32,0.2,0.5,0.6,5x5,45,43,44,110.15,0.07,110.22
512,32,0.3,0.3,0.4,3x3,32,62,61,110.15,0.08,110.23
512,32,0.3,0.3,0.4,5x5,32,60,61,110.15,0.07,110.22
512,32,0.3,0.3,0.5,3x3,32,62,52,110.15,0.08,110.23
512,32,0.3,0.3,0.5,5x5,32,60,52,110.15,0.07,110.23
512,32,0.3,0.3,0.6,3x3,32,62,44,110.15,0.07,110.23
512,32,0.3,0.3,0.6,5x5,32,60,44,110.15,0.08,110.23
512,32,0.3,0.4,0.4,3x3,32,51,61,110.15,0.08,110.23
512,32,0.3,0.4,0.4,5x5,32,50,61,110.15,0.08,110.23
512,32,0.3,0.4,0.5,3x3,32,51,52,110.15,0.08,110.23
512,32,0.3,0.4,0.5,5x5,32,50,52,110.15,0.08,110.23
512,32,0.3,0.4,0.6,3x3,32,51,44,110.15,0.08,110.23
512,32,0.3,0.4,0.6,5x5,32,50,44,110.15,0.08,110.23
512,32,0.3,0.5,0.4,3x3,32,45,61,110.15,0.07,110.22
512,32,0.3,0.5,0.4,5x5,32,43,61,110.15,0.07,110.22
512,32,0.3,0.5,0.5,3x3,32,45,52,110.15,0.07,110.22
512,32,0.3,0.5,0.5,5x5,32,43,52,110.15,0.07,110.23
512,32,0.3,0.5,0.6,3x3,32,45,44,110.15,0.07,110.22
512,32,0.3,0.5,0.6,5x5,32,43,44,110.15,0.07,110.22
512,32,0.4,0.3,0.4,3x3,26,62,61,110.15,0.07,110.22
512,32,0.4,0.3,0.4,5x5,26,60,61,110.15,0.07,110.22
512,32,0.4,0.3,0.5,3x3,26,62,52,110.15,0.07,110.22
512,32,0.4,0.3,0.5,5x5,26,60,52,110.15,0.07,110.23
512,32,0.4,0.3,0.6,3x3,26,62,44,110.15,0.08,110.23
512,32,0.4,0.3,0.6,5x5,26,60,44,110.15,0.07,110.22
512,32,0.4,0.4,0.4,3x3,26,51,61,110.15,0.08,110.23
512,32,0.4,0.4,0.4,5x5,26,50,61,110.15,0.08,110.23
512,32,0.4,0.4,0.5,3x3,26,51,52,110.15,0.07,110.23
512,32,0.4,0.4,0.5,5x5,26,50,52,110.15,0.08,110.23
512,32,0.4,0.4,0.6,3x3,26,51,44,110.15,0.07,110.23
512,32,0.4,0.4,0.6,5x5,26,50,44,110.15,0.08,110.23
512,32,0.4,0.5,0.4,3x3,26,45,61,110.15,0.07,110.23
512,32,0.4,0.5,0.4,5x5,26,43,61,110.15,0.08,110.23
512,32,0.4,0.5,0.5,3x3,26,45,52,110.15,0.07,110.22
512,32,0.4,0.5,0.5,5x5,26,43,52,110.15,0.08,110.23
512,32,0.4,0.5,0.6,3x3,26,45,44,110.15,0.07,110.22
512,32,0.4,0.5,0.6,5x5,26,43,44,110.15,0.07,110.22
